12404801,8.5
12403701,5.55
12410803,8.64
12406663,9.36
12407299,7.95
12404519,8.55
12415352,9.05
12413699,8.09
12419511,8.14
12410953,8.55
12412390,9
12400781,8.77
12401957,8.59
12403761,9.36
12418842,9.32
12409943,8.95
12409787,9.32
12411224,8.5
12406835,6.68
12406421,8.59
12409453,8.59
12405718,7.64
12405123,8.59
12417407,5.36
12409598,6.59
12403813,5.27
12411326,3.23
12408013,9.14
12408478,9.18
12417800,9.18
12409152,9.27
12408572,9.32
12406882,7.05
12410263,8.32
12404021,9.27
12414989,8.59
12407989,9.5
12405697,8.64
12408463,9.14
12404015,8.86
12407693,9.14
12406067,7.14
12408288,6.09
12415425,9.32
12411520,7.27
12417022,8.64
12411767,5.55
12410730,7.45
12419960,4.73
12416929,9.59
12401351,9.5
12405622,6.59
12401343,8.68
12418996,4.59
12412796,7.32
12409436,7.91
12408451,8.32
12416561,8.41
12403866,9.45
12222371,7.23
12404856,7.95
12411743,9.77
12409077,6.55
12400509,9.09
12407190,8.64
12415612,6.73
12413513,8.14
12417126,9.27
12406916,9.14
12408588,7.82
12407789,9.05
12410001,7.82
12408894,8.18
12409105,8.95
12411321,8.59
12410793,8.55
12409771,9.18
12402589,8.36
12413597,8.18
12410860,8.5
12410142,7.91
12401898,3.5
12409148,4.73
12414449,8
12403743,9.32
12407497,7.95
12407115,8.23
12415363,5.14
12415899,9.14
12402526,7.82
12410568,9.32
12315370,8.76
12412931,3.27
12417178,9
12409505,4.27
12409649,7.36
12402009,6.82
12405792,8.91
12401134,8.64
12418055,5.59
12410036,9.68
12411187,8.32
12413853,8.32
12413373,9.64
12406998,8.86
12400761,7.59
12400878,8.82
12408321,5.73
12404301,5.64
12419534,7.68
12411082,8.09
12412364,8.23
12413874,9
12406235,9.27
12419409,9.5
12405791,7.73
12408641,9.18
12409307,7.32
12407463,8.25
12415393,9
12405786,9.59
12406369,8.41
12414353,8.41
12414207,9.27
12410865,9.23
12413416,8.55
12401512,9.5
12412912,8.18
12404103,8.14
12415141,8.45
12404578,9.5
12406285,8.05
12409602,8.55
12407146,8.32
12409130,8.73
12406373,9.55
12406635,9.32
12400484,6.68
12403675,9
12412202,8.23
12408126,7.45
12409801,8.36
12413324,7.41
12403888,9.41
12414386,7.95
12419030,8.59
12416450,7.14
12406148,8.95
12406172,8.64
12408492,6.14
12405834,7.59
12409188,8.73
12413884,8.59
12400611,9
12406825,8.23
12404952,4.91
12403769,7.82
12407570,8.32
12400959,8.23
12410858,5.86
12413424,7.41
12412223,7.05
12409654,9.05
12409025,8.09
12404564,9.27
12413882,7.59
12412728,8.91
12413094,7.59
12414675,8.68
12405694,9.41
12418902,6.86
12410782,9.32
12406977,7.18
12417143,7.45
12415652,7.05
12408355,7.68
12408470,8.55
12401784,7.5
12410893,8.77
12413827,8.73
12408533,8.73
12406677,7.86
12407704,6.91
12410774,8.27
12412379,8.05
12413898,8.36
12409200,7.27
12411059,4.55
12412070,9.32
12409395,9.14
12413705,8.68
12419258,8.27
12408107,8.55
12404115,6.32
12411930,7.45
12402761,9.5
12412299,9.14
12410349,9.32
12413683,8.45
12412518,8.59
12404812,8.91
12409694,7.91
12407640,7.95
12410672,7.95
12406246,5.68
12407380,6
12409607,7.82
12405856,4.68
12415546,6.05
12416043,6.23
12404089,9.23
12417271,8.59
12419487,8.95
12405721,9.27
12420010,5.64
12412839,8.73
12411953,8.82
12402862,7.18
12406949,8.14
12412009,9.77
12410476,7.77
12404609,6.91
12410406,8.5
12400847,6.73
12401062,8.36
12401157,9.32
12408392,9.36
12409081,7.86
12401840,9.23
12406086,9.5
12406488,8.68
12416134,7.91
12402570,5.59
12410873,8.95
12411385,9.14
12408560,7.95
12408955,7.95
12412368,5.82
12406162,9.14
12412104,7.64
12412439,9.18
12401065,9
12406672,9.14
12414879,9.23
12414735,9.23
12408167,5.05
12409641,9.36
12413714,9.45
12411750,7.27
12404840,8.45
12415090,8.41
12413944,9.05
12412580,8.91
12410614,7.32
12414053,5.59
12406138,4.95
12415542,7.5
12406416,8.36
12401276,9.32
12412675,8.05
12415080,6.5
12413692,9.55
12411864,8.86
12408881,7.05
12412915,9.14
12408764,8.05
12416088,8.55
12408630,6.36
12405999,2.36
12409496,6.91
12407413,8.32
12412334,4.45
12407853,8.45
12412268,8.73
12407785,8.09
12417984,8.55
12405045,9.36
12406141,4.95
12407441,9.41
12409257,8.27
12403694,9.27
12404352,9.86
12419563,8.41
12403019,7.64
12418825,8.82
12410884,9
12402773,9.05
12410459,4.68
12419862,7.95
12403851,7.64
12414116,9.23
12408015,8.77
12411415,8.36
12403904,8.82
12405681,7.82
12408978,9
12413150,9
12400388,8.68
12416417,9.45
12405342,8.59
12409492,8.64
12414562,8
12409631,7.68
12406222,5.5
12406339,8.59
12415217,4.73
12409368,7.32
12409820,7.55
12407787,8.82
12401987,7.5
12402017,7.82
12419425,9.55
12400448,4.45
12405152,8.32
12403928,7.09
12414579,9.5
12408498,5.55
12416586,9.05
12405086,8.55
12417287,6.18
12408999,4.95
12407659,7.18
12400884,8.18
12417905,8.64
12409345,5.82
12419781,7.18
12404665,8.82
12404262,9.77
12416151,9.55
12403825,8.77
12409277,8.14
12412588,9
12402642,8.41
12401833,9.5
12416215,7.86
12414158,9.45
12401992,7.86
12407919,9.09
12406725,7.32
12419411,8.45
12401167,3.45
12414771,8
12411700,5.09
12413579,8.23
12416850,9.59
12401932,7.45
12401728,8.14
12401983,7.05
12411369,8.36
12408653,8.68
12416321,8.77
12404885,6.27
12419407,6.86
12404757,6.73
12416069,5.82
12415982,8.23
12418305,9.36
12402381,7.32
12410573,7.73
12410144,8.45
12407956,8.5
12413329,5.68
12406319,8.77
12401006,8.86
12418273,6.5
12406398,8.09
12407222,8.86
12418514,8.82
12414051,7.64
12416978,7.59
12411310,6.45
12407189,8.36
12406938,6.09
12416200,9.05
12401857,7.91
12418694,8
12409695,8.45
12404968,7.59
12402475,9.45
12410132,4.36
12401684,8.86
12413879,7.91
12408920,7.41
12409435,6.5
12404501,9.36
12405461,8.45
12402349,6.45
12417762,9.45
12405867,7.86
12412956,8.14
12402028,8.59
12416013,3.68
12411389,4.82
12410872,8.41
12408722,9.14
12412747,7.55
12405868,8.36
12418121,7.14
12419185,3.41
12400162,8.05
12407917,6.86
12418644,7.55
12406704,8
12409755,9.23
12414076,8.55
12400506,7.82
12419892,5.05
12414342,9.18
12401436,6.95
12418039,8.68
12408564,7.45
12405985,7.68
12417167,9.45
12419500,6.77
12406329,5.32
12410266,8.73
12407370,8
12414389,8.86
12400909,8.77
12419110,7.77
12405087,7.68
12416589,8.86
12414122,8.05
12408298,8.36
12405192,8.64
12404684,8.27
12414528,8.23
12408736,8.27
12403716,7.05
12400720,8.09
12409842,8.23
12408825,6
12417661,7.59
12404509,8
12410840,6.77
12410038,8.45
12412482,7.5
12403925,7
12400628,6.86
12417615,7.05
12406265,7.09
12326088,7.61
12405448,8.55
12414585,9.05
12411198,7.14
12413869,8.27
12413470,7.91
12406218,7.91
12410999,8.23
12410845,7.91
12408898,9.32
12416317,8.41
12408053,8.55
12408483,8.05
12402440,8.59
12410892,8.5
12407512,8.27
12405959,6.95
12401578,7.32
12418268,8.18
12403326,8.23
12418636,6.64
12405591,8.41
12414466,7.82
12414062,8.32
12406969,7.27
12400453,6.09
12414040,8.5
12404154,9.41
12409416,8.82
12408644,8.68
12409938,8
12410806,8.91
12412779,7.45
12416715,8
12409491,6.82
12406209,7.77
12415355,7.36
12406201,7.05
12406507,8.36
12409991,9.41
12409260,8.45
12410308,6.27
12418827,8.05
12418200,7.41
12406806,9.09
12407938,8.27
12415662,6.41
12417481,9
12406486,8.95
12402021,8.27
12413467,6.95
12405768,8.45
12404590,8.64
12404175,8.05
12416371,7.09
12406247,5.68
12401303,9.45
12414835,6.91
12409280,6.77
12413812,9.23
12409671,9
12404737,3.55
12408928,8.23
12410229,8.64
12404125,8.18
12412431,8.77
12412699,8.45
12404227,8.36
12412810,7.41
12411803,8.18
12401040,3
12411237,8.77
12410518,8.55
12415062,7.91
12414479,8.27
12403935,6.32
12413353,8.64
12415280,8.27
12403711,6.64
12407268,7.45
12404725,8.41
12409845,8
12408620,7.86
12416399,8.23
12409924,8.14
12410946,8.91
12414816,6.95
12413293,7.55
12419571,7.5
12403993,8.77
12417361,8.27
12406668,9.41
12402520,8.36
12418834,7.05
12411401,7.18
12406350,7.82
12412964,9
12409124,7.41
12400485,7.91
12414400,8.27
12404773,8.18
12413735,6.27
12406185,7.55
12408854,8.18
12409376,9.27
12401172,7.73
12409605,7.64
12417255,8.23
12414264,8.05
12414467,8.5
12415412,8.14
12404819,7.14
12406372,8.91
12402037,8
12408448,4.36
12406812,6.82
12417793,7.05
12405149,6.95
12408619,7.5
12401904,7.95
12404510,5.36
12404851,3.91
12407583,3.59
12415160,9.09
12409207,9.14
12407144,6.36
12413042,6.95
12403812,5.59
12404406,6.32
12416473,8.68
12409084,7.23
12402713,8.23
12406581,8.73
12404996,8.23
12417280,7.45
12400386,6.77
12410153,7.27
12417125,8.77
12415658,6.68
12406510,2.73
12410790,6.82
12410505,7.55
12408063,9.41
12401903,7.82
12402674,8.27
12401852,4.64
12415288,8.32
12402553,5.55
12400719,3.18
12405083,8.91
12410551,2.5
12406970,4.91
12408074,8.45
12403242,7.41
12405740,7.23
12406840,7.95
12404386,8.86
12402609,7.14
12411875,6.82
12413214,7.14
12419646,6.05
12404239,8.45
12413503,6.64
12418472,6.68
12409100,6.14
12411566,9.36
12409626,7.45
12415855,7.73
12416318,4.91
12411609,6.05
12415124,8.95
12416580,7.36
12411490,7.91
12401275,8.59
12408002,7.86
12405722,7.59
12404916,4.91
12400572,7.91
12417383,3.86
12414871,7.55
12417187,7
12401657,3.73
12400446,6.59
12406740,7
12405889,9.05
12409022,7.95
12416476,6.55
12403986,6.64
12405862,6.64
12407782,7.59
12406959,8.82
12408610,5.32
12400404,5.23
12413663,8.09
12406791,5.91
12408133,6.32
12413051,8.73
12410671,8.18
12406399,5.41
12416123,8.55
12414414,7.68
12406898,8.95
12406294,8.36
12406820,8.05
12401069,8.27
12417722,5.64
12410095,8.95
12408949,5.18
12403249,6
12412053,7.77
12408821,7.27
12407476,8.09
12411703,7.36
12404927,8.55
12416834,7.32
12406328,8.77
12408407,8.14
12406895,8.59
12419675,5.68
12407206,6.68
12403923,5.59
12413800,9.41
12403740,6.73
12418501,6.64
12413644,8.82
12405789,6.05
12416975,7.55
12409636,7.23
12407817,7.82
12416389,8.82
12406947,8
12404528,6.45
12405833,9.18
12406442,7.82
12409625,4.32
12413288,8.68
12406939,8.41
12416110,9.32
12413333,9.23
12415725,7.55
12414634,8.36
12403542,8.27
12411202,8.09
12400430,7.36
12411341,7.09
12400879,4.36
12410831,8.09
12400780,7.82
12404963,7.77
12413796,4.5
12400929,7.27
12406920,6.73
12407593,7.18
12410016,8.5
12415759,9.05
12409936,7.68
12406603,8.68
12409388,7.14
12417247,8.55
12409952,7.05
12410632,5.14
12412938,6.55
12413736,6.5
12413758,8.27
12404695,8.86
12400901,6.86
12417431,7.23
12410499,9.36
12405013,8.27
12408400,4.45
12324451,5.52
12406101,7.64
12406801,5.77
12413414,4.73
12409494,7.77
12414484,7.86
12412060,3.18
12413837,7.68
12404785,5.95
12407687,7.91
12405879,8.45
12406327,5.55
12408409,7
12403516,8.41
12405510,5.18
12408761,8.14
12406868,7.55
12403683,8.59
12409216,6.68
12405735,9.23
12412342,6.77
12402295,7.23
12416645,7.36
12404569,8.09
12416510,7.32
12406521,7.27
12411239,7.82
12409642,8.05
12417237,9.36
12403929,7.27
12403934,7.32
12404144,8.23
12406191,7.59
12402186,6.91
12418010,7.5
12404908,4.18
12403900,7.59
12411144,8.95
12404027,9
12403889,8.64
12405164,8
12403901,7.27
12406065,6.27
12416387,7.45
12413850,8.32
12410855,8.77
12415079,7.23
12406495,8.64
12402108,5.82
12404092,7.5
12419388,6
12404123,4.14
12410322,6.5
12410677,4.82
12411024,7.18
12409471,6.14
12400648,3
12410610,7.41
12404984,3.55
12416287,7.36
12415136,8.64
12402347,8.64
12419653,6.23
12404194,3
12411294,3.64
12411523,6.64
12408974,6.82
12409470,6.82
12416256,8.91
12410588,7.14
12409127,8.41
12408618,7.18
12419991,5.77
12401203,4.86
12401120,5.68
12409944,6.32
12405840,4.45
12404086,8.95
12412303,9.05
12410760,6.09
12409604,9.32
12416302,8.73
12406935,9.14
12419056,7.27
12413686,2.5
12417768,5.41
12416677,8.18
12406443,8.91
12404172,5.64
12410060,6.82
12406573,5.64
12416326,1.59
12419055,4.09
12414851,8.77
12417050,7.09
12411567,9.09
12409162,8.09
12413144,7.59
12400337,6.82
12409367,8.36
12407482,7.59
12404717,9.32
12411664,7.36
12406097,6.05
12416885,7.68
12401265,6.41
12405779,8.55
12409256,5.09
12404683,7.64
12418040,5.18
12407895,7.82
12400891,9
12415699,7.82
12410519,6.82
12410422,6.23
12406869,5.55
12408845,6.95
12410371,7.5
12410622,8.45
12406196,7.86
12417866,3.82
12414559,7.41
12407658,7.18
12409294,8.32
12412107,9.14
12402723,8.41
12410336,8.86
12410335,8.68
12413867,8.64
12402069,8.68
12401009,8.32
12417399,6.68
12403796,8.77
12403048,7.64
12400478,7.27
12412163,5
12409316,8.32
12406255,7.86
12401192,7.09
12410623,6.82
12406263,6.23
12411347,7.64
12414197,8.09
12417359,8.5
12404177,8.27
12406613,8.68
12419957,7.27
12400588,8.18
12408608,4.23
12415807,7.5
12416585,7.05
12418746,5.59
12407795,7.18
12407867,1.5
12410403,7.68
12406819,4.64
12401929,8.23
12403887,7.5
12409610,4.91
12406062,7.91
12407625,7.55
12415015,8.23
12406932,5.14
12411101,9.36
12408218,8.86
12405846,5.73
12410444,5.55
12402091,7.14
12404568,5.86
12409087,8.41
12405772,7.82
12405172,6.59
12418512,4.47
12415330,7.95
12414722,5.59
12406198,5.05
12412754,7.55
12408094,7.73
12400854,6.41
12414868,7.14
12410057,5.36
12400738,4.59
12407134,8.91
12415812,9.68
12320418,6.25
12402643,5.59
12411053,7.77
12417035,7.59
12402515,7.32
12406685,7.86
12405039,5.64
12406145,4.64
12412510,9.05
12407408,8.45
12408716,6.23
12410772,7.5
12413123,6.45
12407560,8.18
12414307,8.32
12412158,5.09
12401934,5.64
12409147,4.45
12416818,3.41
12404447,8.55
12418299,7.27
12407066,8.18
12404072,7.82
12409193,4.41
12403985,6.77
12405793,7.05
12404228,6.64
12419763,8.41
12404312,7.91
12400916,6.32
12409986,4.5
12407439,7.27
12407654,8.45
12404298,8
12412213,7.59
12414609,7.55
12403816,7.86
12408977,8.18
12406597,8.14
12405329,7.86
12416982,3.64
12413146,5.59
12407229,7.77
12401611,9.05
12400493,8.05
12400348,6.86
12401960,6.86
12401263,4.59
12411819,9.68
12407783,7.91
12411351,7.27
12403728,5.73
12404733,7.77
12407713,8.09
12407759,8.68
12404182,4.59
12412673,6.36
12413396,5.32
12405017,7.23
12416652,3.95
12405002,7.45
12413881,7.68
12404617,6.95
12403178,6
12406579,8.14
12416458,8.86
12405305,8.23
12320552,6.29
12419598,7.86
12405707,7.82
12406469,6.86
12404425,5.45
12410599,6.73
12411209,4.27
12411088,8
12408255,8.64
12411199,5.82
12406234,6.41
12406830,7.27
12404034,8.36
12413709,6.91
12417023,3.91
12404110,4.18
12418851,4.41
12406001,7.27
12410154,8.95
12402661,3.73
12415609,3.5
12406029,8.68
12406544,6.23
12413476,5.91
12403912,7.27
12417817,2.77
12411672,5.59
12417612,7.77
12402344,7.73
12419016,7.36
12406258,8.23
12409358,7
12415206,6.5
12406586,8.05
12406722,7.77
12410678,7.77
12408077,7.55
12411842,8
12407499,9.27
12411155,8.68
12401841,8.14
12410727,7.36
12416462,7.86
12418555,7.41
12406821,7.45
12404367,7.14
12400577,6.45
12402617,7.77
12409704,6.73
12406520,8.09
12413998,8.45
12417577,4.27
12414763,9.32
12412836,3.59
12413436,7.36
12402436,8.73
12409687,8.14
12407751,7.86
12411529,5.82
12419969,4.23
12403734,6.5
12414350,6.41
12404398,9.23
12407176,6.82
12403832,6.73
12409327,4.36
12400687,5.41
12409297,7.64
12400651,7.32
12410673,4.41
12409414,9.05
12402130,8.18
12417275,6
12415364,4.77
12410135,6.73
12406161,9.45
12410902,8.86
12409312,7.41
12411162,8.82
12401349,4.91
12415108,7.14
12416536,7.09
12403798,5.73
12408462,5.82
12411248,7.68
12408676,5.5
12416012,8.23
12416547,4.82
12407689,5.05
12405297,7.32
12405903,6.45
12410985,6.86
12404870,5.95
12405993,7.36
12408372,6
12401848,6.05
12412190,7.32
12417509,7.18
12401230,5.14
12401933,4.09
12401921,9.05
12401454,6.05
12404344,7.05
12415871,7.91
12415545,8.18
12407538,5.09
12408655,7.05
12405019,7.05
12408393,6.5
12414114,7.68
12413970,8.05
12410754,8.64
12409154,7.82
12408384,8.68
12415236,5.68
12404720,1.5
12400390,6.86
12414439,4.73
12404699,7.36
12400435,7.36
12402120,7.73
12412125,7.64
12408906,8.45
12408998,3.86
12411137,5.09
12402290,7.32
12415277,9.32
12404446,7.55
12413570,8.18
12406982,8.55
12411343,8.32
12412740,6.77
12419607,4.95
12411606,7.64
12419010,3.95
12406114,7.05
12411208,6.32
12410184,8.36
12409241,7.55
12404007,7.36
12406444,7.77
12406424,7.41
12404355,5.23
12416201,6.68
12412662,4.41
12413346,7.05
12403715,8.77
12401382,7.14
12413022,6.95
12405857,8.36
12408248,7.95
12406410,4.18
12411390,3.64
12406445,6.09
12413610,8.18
12400885,7.73
12404547,8.23
12416816,4.77
12410829,6
12411195,7.68
12415677,7.68
12407270,8.59
12411763,8.68
12409927,5.27
12416825,8.32
12413690,8.64
12407907,6.45
12410320,7.91
12409659,8.45
12405000,8.45
12407119,4.14
12406043,7.64
12412048,9.5
12414127,8
12416814,3.18
12406314,7.59
12405071,9.23
12400473,4.32
12417302,4.73
12417665,7.36
12416312,7.59
12407131,5.95
12407612,5.55
12409263,5.09
12415645,8.14
12400938,6.32
12409556,8.64
12418036,5.55
12405911,4.91
12407157,7.41
12415740,8.05
12411471,6.77
12401393,7.23
12418798,5.59
12405901,8.05
12400647,5.05
12403996,6.68
12403991,8.77
12406813,5.59
12401171,6.23
12407856,8.55
12400691,4.59
12417262,5.59
12407949,7.95
12407257,4.05
12417246,7.86
12406700,7.41
12412585,7.27
12400799,7.45
12401209,5.86
12413939,6.91
12411851,8.09
12415408,6.73
12408872,9.14
12402496,7.59
12409784,6.77
12406212,5.23
12406252,2.45
12404331,8.82
12417094,7.86
12405875,9.36
12419008,5.68
12407513,4.95
12412973,8.23
12417951,7.82
12400536,5.95
12409545,6.18
12419774,3.86
12408169,4.68
12404794,7.64
12416602,8.14
12418513,7.64
12404411,7.95
12402464,7.05
12400556,8.32
12415046,5.14
12411704,3.64
12411742,7.91
12417102,8.05
12401978,4.45
12409658,3.41
12401422,8
12402109,6.86
12406104,6.5
12405434,7.68
12405659,4.36
12410090,5.59
12419037,6.36
12406884,7.82
12404138,6.59
12410162,8.18
12410129,6.59
12405532,7.05
12403839,6.82
12411043,7.45
12415031,4.5
12405526,7.64
12404855,5
12405929,6.77
12413677,6.18
12406228,8.86
12410268,7
12416236,6.59
12407920,4.86
12409264,6.32
12417846,7.09
12407300,6.55
12408866,8.68
12414293,7.5
12407457,8.14
12415864,7.5
12411988,8.41
12414524,6.59
12407554,7.09
12405377,7.5
12410533,6
12406489,8.05
12404522,7.91
12401118,6.18
12408196,5.05
12414301,2.91
12400352,4.86
12410160,8
12406254,6.77
12404206,5.41
12418993,6.82
12401338,7.45
12407534,5.14
12419026,8.95
12409190,6.68
12409541,8.23
12409371,7
12403843,5.59
12413572,4.86
12409735,5.59
12415599,4.77
12400502,6.36
12412949,3.82
12406617,6.68
12417340,7.5
12412161,6.64
12415500,3.73
12407816,7.32
12412600,6.59
12408454,8.32
12408897,6.41
12408584,6.86
12419020,2.68
12402171,7.36
12405270,7.27
12413486,6.64
12414125,5.95
12406471,7.18
12412212,7
12405964,8.5
12405710,7.41
12410670,6.09
12402146,3.09
12416542,7.91
12414754,8.55
12404065,5.27
12406580,6.68
12418735,3.86
12403919,7.73
12408553,3.23
12415905,7.36
12406309,7.5
12404158,8.27
12410146,8.14
12412148,7.05
12404496,6.23
12419344,4.18
12417047,4.91
12414456,7.73
12407162,4.68
12409774,6.73
12401835,6.32
12414792,6.77
12405011,8.45
12409851,6.32
12409880,7.64
12401123,6.91
12404311,8.32
12410698,3.18
12409486,6.14
12413772,6.77
12409554,8.77
12416682,7.45
12411792,4.86
12402834,3.23
12409445,9.14
12412554,6.77
12412980,4.86
12413656,5.09
12402618,9.27
12411019,7.23
12401018,6.32
12408804,5.73
12400871,7.64
12407961,6.73
12412536,6.09
12417934,6.14
12405996,7.64
12404109,7.5
12410130,7.59
12413674,6.95
12419736,6.55
12407836,4.82
12409535,6.82
12410312,7.91
12409254,8
12402110,5.36
12403826,6.77
12406555,7.27
12407839,8
12401844,9.18
12416191,9.27
12416161,5.27
12408127,6.36
12410967,5.73
12412731,9.14
12411757,7.05
12411395,6.91
12409830,6.86
12406038,5.91
12407063,8.5
12403720,7.68
12408177,7.91
12405728,7.82
12411056,7.86
12411954,5.86
12404333,6.32
12406420,6.82
12408807,7.05
12410923,6.14
12407509,6.64
12417436,8.95
12417058,7.14
12411012,6.95
12417861,8.41
12416216,6.23
12412160,6.68
12402863,6.55
12406168,2.91
12407994,7.14
12403005,7.23
12410554,4.73
12404078,5.68
12406164,6.05
12412801,7.86
12408539,5.86
12411876,2.18
12404090,6.95
12404410,8.36
12419450,4.27
12411010,3.14
12410427,3.68
12403824,4.18
12403845,6.32
12401133,6.32
12401085,6.91
12410566,6.91
12413213,6.73
12410885,8.14
12406683,6.77
12411458,7.59
12406346,3.86
12400982,3.68
12408988,5.86
12407696,8.45
12411800,6.73
12404943,8.09
12410815,8.36
12412640,3
12406060,7.23
12407309,8.23
12408667,7.55
12410611,2.73
12407502,7.95
12405827,6.18
12409504,8.45
12401796,6.27
12417641,7.73
12414844,4.5
12408875,7
12406189,3.09
12407394,7.05
12414671,1.91
12403997,5.91
12403679,5.64
12417046,7.09
12407827,4.55
12405803,7.05
12404209,5.05
12409455,6.77
12405922,3.82
12409777,7.5
12406742,0
12414702,8.09
12415409,3
12411003,3.41
12220615,5.07
12410832,4.18
12401916,2.23
12418705,7.41
12414049,6.14
12402384,7.64
12405689,7.95
12409281,7.05
12410324,6.68
12416674,6.5
12401952,8.05
12412594,7.05
12416953,6.36
12402879,5.77
12409751,7.68
12404165,7.59
12413066,9.18
12409139,5
12410303,4.5
12400926,8.86
12418464,7.55
12416322,5.41
12407794,6.14
12407822,4.18
12410899,6.05
12401626,3.45
12412387,7.82
12413777,7.27
12413880,0
12409653,7.55
12406779,5.09
12414298,7.68
12413472,8
12413746,7.59
12412494,7
12419827,6.73
12410822,4.45
12408507,7.45
12407623,5.09
12400519,8
12407420,7.14
12413496,5.32
12411429,3
12410717,5.5
12407993,6.64
12413730,7.91
12412356,6.77
12419988,5.14
12412805,9
12404781,4.14
12405692,6.59
12400702,7.73
12406894,7.09
12412763,5.64
12404234,6.77
12417021,6.41
12410022,6.59
12408704,6.18
12415024,5.27
12405679,7.59
12414739,5.32
12408648,2.32
12400649,4.23
12404319,7.5
12408861,7.27
12408571,5.32
12404582,8.18
12401456,6.68
12406775,7.14
12408186,7.05
12407614,5.05
12405801,8.14
12403848,4.41
12416551,5.68
12404428,8.5
12402264,6.23
12413246,6.59
12404882,7.59
12410356,4.82
12406237,5.91
12417317,5.86
12407674,7.59
12409561,5.82
12405904,5.55
12403961,4.36
12410217,5.23
12412137,7.32
12410706,7
12409074,5.14
12406282,6.55
12404704,8.95
12406291,7.68
12406595,4.36
12415985,5.14
12401035,4.86
12402506,8.55
12402128,3.68
12406384,7.36
12404513,6.86
12405726,6.36
12408466,6.27
12407250,5.18
12409958,5.82
12419810,4.91
12408778,6.37
12401211,5.86
12410574,6.41
12406865,7.27
12404561,7.64
12413274,7.05
12412750,7.82
12414295,5.14
12409142,7.14
12407260,5.14
12413580,7.59
12412736,9.41
12411368,8.23
12415619,4.32
12415133,6.95
12408277,5.77
12406296,7.14
12410929,7.73
12407768,3.27
12408531,5.64
12306114,4.96
12400747,2.5
12410259,7.86
12414694,4.64
12413418,6.14
12412761,8.45
12404184,6.82
12408175,7.82
12412314,2.41
12410777,6.14
12407337,7.55
12418398,3.41
12402084,8.09
12407493,5.95
12407916,4.45
12409320,4.77
12415521,8.5
12418878,5.95
12410866,7
12406836,5.18
12400359,7.18
12222637,4.47
12414095,7.91
12419021,8.09
12410589,6.36
12414048,8.41
12413060,7.55
12415632,6.82
12407884,9.14
12407861,3.95
12419464,2
12416232,4.86
12414623,7.55
12400838,7.86
12410802,5.68
12401495,6.91
12403814,4.41
12406014,7.91
12400902,5.14
12407650,7.5
12418789,7.91
12401866,5.36
12416082,7.68
12404197,7.77
12403724,7.91
12305998,2.02
12404243,4.27
12404751,7.73
12402893,5
12416496,2.59
12406628,7.45
12413521,6.73
12408115,7.05
12407660,5.5
12408826,6.59
12410875,6.68
12418546,8.18
12407832,2.86
12404577,8.09
12418897,7.68
12404167,7.18
12409208,4.59
12408666,4.41
12408577,7.45
12414100,7.14
12401846,6.64
12409166,7.14
12411272,6.14
12412853,7.91
12416294,7.86
12413723,5.45
12410235,8.23
12411079,7.5
12407048,5.59
12416840,6.45
12406069,7.09
12410323,6.23
12408170,6.36
12401958,8.95
12407258,6.5
12408694,8.23
12418454,6.59
12418587,7.5
12414465,7.41
12405919,8.18
12402829,6.23
12419612,0
12410540,6.32
12411733,8.95
12411639,7.23
12412544,8.73
12410715,9
12412857,8.05
12401451,5.09
12411779,4.05
12403818,7.25
12403676,5
12412865,4.41
12413739,8.05
12406900,5.86
12406020,4.55
12418709,8.18
12412902,4.14
12407585,6.27
12412241,8.18
12416615,8.41
12400817,6.27
12411266,5.91
12407400,4.64
12408555,5.14
12416803,4.23
12410736,8.05
12408758,4.36
12415103,5.36
12417654,7.27
12417092,3.14
12409279,7.23
12410148,5.41
12406741,7.86
12404140,5.23
12419404,6.91
12402402,6.64
12405923,6.27
12414964,8.23
12406169,3.27
12419980,6.23
12401917,3.86
12406387,4.23
12405859,4.77
12417323,6.18
12409228,7.23
12406729,6.82
12417435,6.55
12414384,4.91
12400772,6.45
12412862,3.95
12408585,4.27
12400613,6.27
12409536,7
12417739,4.86
12404901,6.64
12409220,4.14
12406730,6.36
12405715,6.77
12409512,5.86
12400587,4.36
12407688,3.18
12420023,3.45
12407320,7.73
12406879,7.5
12403730,6.68
12402419,6.05
12411103,3.18
12410996,4.73
12418961,4.23
12408423,7.64
12419917,5.45
12416022,7.14
12410553,6.86
12419387,4.27
12403895,4.14
12407470,5.86
12402026,7.64
12405758,2.73
12412469,6.95
12413525,6.45
12408420,8.41
12404151,6.55
12408970,5.91
12418169,6.86
12415194,8
12413107,7.23
12402079,6.59
12402183,4.23
12403855,4.09
12418892,6.09
12408726,3.32
12412409,4.64
12407247,8.05
12415802,7
12407818,7.91
12409161,8.14
12409559,7.73
12407288,9.05
12410925,9.09
12406618,7.91
12410653,6.09
12408884,6.95
12409344,6.59
12400532,8.05
12404272,7.82
12416409,4.23
12408301,0.55
12411362,5.5
12416964,3.14
12410762,7.05
12410169,7.55
12411726,4.14
12401234,7.18
12419805,3.18
12409007,7.64
12406707,7.18
12410767,7
12409722,5.77
12410850,7.18
12405441,7.23
12401044,7.18
12408581,7.91
12412855,5.73
12403972,6.95
12411233,8.05
12417664,7.82
12404153,7.5
12413906,7.59
12409315,7.09
12406249,6.95
12412311,5.86
12408943,6.82
12411255,6.23
12418846,7.91
12407145,6.09
12409080,5.59
12404883,6.18
12409372,6.82
12410679,6.95
12409125,8.64
12402107,7.45
12405309,4.5
12419834,4.59
12412710,5.36
12408816,8.05
12401871,6.32
12402778,4.95
12419524,7.18
12415622,3.09
12419604,8.09
12410426,7.14
12413186,6.14
12419215,4.59
12403574,2.36
12410857,5.18
12408467,5.32
12409685,7.23
12411992,8.14
12407618,6.59
12404473,7.09
12408242,7.64
12404666,8.27
12410040,3.05
12402342,4.23
12408258,6.82
12408756,7.55
12403726,3.59
12418037,7.27
12407964,6.23
12409111,3.64
12410298,5.36
12414037,2.59
12408305,6.05
12410564,4.36
12413325,7.64
12416902,2.95
12414507,5.45
12406888,6.95
12410314,3
12409733,6.91
12408914,4.5
12410541,4.09
12410182,7.5
12409766,7.32
12411046,7.18
12413065,3.95
12409965,4.14
12404264,6.09
12407734,5.86
12400638,7.5
12412605,8.09
12408592,6.77
12404919,7.5
12402459,5.55
12407642,6.18
12416408,5.59
12416121,7.59
12400571,5.05
12407786,2.05
12418812,6.77
12400797,7.86
12409374,6.41
12406861,4.68
12414743,6.68
12415247,0
12416874,7.68
12409908,3.05
12407630,8.77
12407721,4.95
12406764,8.23
12401371,7.55
12409360,8.95
12412500,7.68
12409159,5.23
12413426,5.5
12406639,7.5
12404041,3.14
12409718,4.73
12411444,6
12411036,6.95
12407139,3
12409593,8.68
12407812,2.45
12419863,3.36
12406531,7
12413986,3.36
12405826,5.36
12409802,4.27
12406604,6.14
12400558,4.09
12414416,4.45
12411762,7.55
12410015,6.95
12415432,2.68
12407855,3.73
12400998,5.23
12405515,7.27
12409274,5.77
12413757,4.86
12404059,7.68
12411553,2.09
12411793,7.73
12415625,5.09
12415744,6.36
12400445,4.59
12412369,6.82
12408065,7.5
12407301,3.95
12407325,7.27
12404523,6.27
12419159,1.09
12406810,7.86
12416014,5.27
12416617,4.82
12406598,5.41
12415227,6.14
12403237,4.45
12412348,8.32
12407110,5.45
12412058,5.95
12419702,1.14
12412735,4.05
12411132,7.73
12400370,4.27
12405460,6.82
12418280,7.05
12418974,4.18
12412139,7.09
12407462,4.41
12408121,2.59
12407771,4.14
12401851,7.23
12408041,5.95
12404019,4.59
12404277,3.05
12401854,2.55
12406231,5.59
12409623,7.32
12400831,2.41
12400905,7.32
12410383,4.27
12419647,3.05
12409151,6.73
12406427,7.55
12408044,5.5
12414679,4.05
12402786,6.55
12401972,4.73
12412038,5.41
12407305,3.82
12407097,7.55
12406759,6.18
12319522,4.96
12410955,5.36
12419378,3.09
12410048,7.14
12415667,6.68
12410355,5.64
12411016,5.68
12408753,5.23
12416483,8.64
12412661,7.59
12411769,6.18
12406080,7.55
12417397,7.09
12415488,5.95
12408080,6
12408952,5.45
12403774,7.55
12406266,6.32
12402718,7.5
12410049,8.09
12405699,7.68
12413734,5.32
12416040,7.86
12407595,6.36
12414745,8.64
12420021,6.5
12404397,6.55
12409746,7.64
12412703,7.86
12405987,6.5
12410559,7.86
12406892,7.14
12411964,5.09
12409947,6.77
12410956,7.14
12406454,5.73
12415691,7.59
12414452,3.73
12406229,7.27
12408204,7.27
12420005,7.27
12419031,2.27
12402145,6.32
12412277,9.05
12406625,6.5
12408545,6.05
12418165,4.41
12402008,3.41
12407977,4.36
12412601,6.86
12412547,6.73
12418856,2.5
12402555,5.32
12404909,3.41
12400782,5.59
12400942,6.18
12406401,7.77
12407937,3.86
12410513,5.36
12403914,2.91
12406267,4.91
12401837,1.45
12416305,7.86
12403750,7.5
12415476,7.86
12406652,4.36
12412602,8.05
12416937,6.91
12418573,2.77
12415780,4.45
12412385,7.05
12414834,4.86
12407797,3.27
12406456,8.18
12410957,7.14
12410833,7.59
12413429,3.59
12400726,4
12408940,5.16
12400377,7.05
12413923,3.36
12414438,6.5
12407772,6.68
12413108,7.68
12413752,8.59
12415842,1.32
12414638,4.41
12407753,6.73
12401107,6.27
12406475,8.45
12414090,7.73
12417052,6.95
12402533,2.68
12418960,2.77
12405829,7.45
12419697,8.73
12416304,7.73
12303950,3.03
12402345,6.09
12407435,3.64
12403641,5.09
12407719,6.5
12403731,5.18
12418327,4.77
12416281,5.86
12409518,6.82
12414229,9.05
12414136,7
12406571,8.41
12407728,7.14
12406739,6.32
12410889,7.64
12400806,7
12417634,6.86
12407760,5.41
12419606,1.82
12408431,6.55
12417959,6
12405757,5.5
12410986,2.11
12416627,6.05
12410388,2.55
12414202,5.45
12407461,6.23
12401891,3.09
12411033,6.32
12408892,5.64
12411257,7.77
12409319,3.68
12405832,4.55
12413500,8.59
12408118,3.14
12413981,3.14
12404052,7.59
12407633,6.27
12415187,0.55
12406274,6.68
12408921,7.45
12404026,4.64
12417488,6.82
12414300,7.36
12407965,2.36
12402706,6.36
12415931,8.59
12410735,6.45
12406921,6.91
12415773,7.36
12414232,5
12406681,5.95
12405771,6.95
12407773,5.95
12411388,5.59
12407692,5.36
12404566,8.23
12405872,6.68
12408352,7.05
12410530,5.86
12409523,3.95
12410558,7.64
12417495,6.86
12419630,6.45
12406381,6.14
12408532,7.18
12409852,6.64
12405952,5.73
12417295,7.14
12408587,6.73
12403885,3.73
12410481,5.45
12412766,7.59
12418034,5.27
12403850,2.68
12412593,5.27
12409811,4.14
12418671,7.14
12400980,8.55
12414262,5.32
12415195,8.18
12419403,4.23
12417682,8.14
12406211,4.73
12408182,8.36
12411693,8.59
12419361,5.14
12415867,7.41
12407178,5.68
12413594,8.64
12409882,8.41
12408389,7.86
12416205,7.77
12406615,6.77
12411494,7.77
12402775,8.59
12409016,2.23
12409448,7.77
12409278,7.18
12416735,8.18
12408315,5.41
12413587,3.91
12407610,4.45
12405082,6.55
12409232,7.09
12414396,9.09
12407904,6.73
12408111,7.68
12408638,7.36
12409444,5.27
12402211,6.55
12419743,2.91
12411314,2.14
12413971,6.5
12406857,5.64
12410582,4.82
12407648,6.09
12411430,3.41
12405687,4.73
12407745,8.27
12402597,4.45
12403691,7
12406109,7.36
12409041,3.73
12417193,4.18
12408163,4.86
12414501,6.18
12403354,7.14
12409276,5.86
12410645,5.45
12409432,7.68
12414365,2.64
12404290,7.41
12403114,7.41
12408300,2.95
12407639,5.27
12414688,4.45
12413196,6.91
12402165,7.27
12415457,7.59
12415426,2.68
12416783,7.09
12408415,6.23
12405943,8.41
12414082,6.73
12417776,4.14
12419562,5.68
12400451,4.36
12404601,6.45
12403898,6.36
12404610,0.91
12410680,4.77
12408792,7.18
12415647,7.95
12406673,3.55
12410714,7.77
12409498,7.14
12419028,3.5
12412378,7.86
12417523,4.09
12403529,6.41
12410738,8.27
12402395,6.05
12402883,5.73
12413980,7.32
12414292,5.55
12405741,4.5
12402159,7.41
12403723,6.68
12409980,6.36
12412201,5.55
12406403,5.73
12406621,6.91
12401281,7.36
12407397,5.32
12414720,7.32
12409306,8.27
12405839,6.59
12408850,7.82
12407468,6.36
12412635,6.77
12411862,4.77
12409495,7.09
12411323,7.82
12400765,5.23
12401525,4.05
12400682,2.91
12406368,6.41
12406059,8.14
12408310,5.41
12407126,6.95
12405939,6.27
12416277,7.27
12410273,7.09
12412093,7.95
12405924,5.55
12412338,5.73
12409995,3.23
12414503,8.73
12402988,7.41
12406954,7.91
12402846,5.45
12403892,4.18
12408782,1.91
12406422,7.82
12416738,4.91
12400717,8.36
12418824,7.32
12408888,1.73
12418620,7.05
12408386,2.41
12419551,5.64
12415479,6.95
12410176,4.5
12410647,6.91
12413502,7.55
12412878,8.18
12409873,5.77
12419866,6.64
12414527,7.09
12412002,4.05
12415059,6.64
12406385,5.14
12417104,3.55
12407412,5.77
12413963,6.77
12410788,1.64
12400521,6
12409405,6.27
12408871,7.09
12407926,6
12405029,5.91
12402049,0
12413069,7.05
12403426,6.5
12409359,7.55
12404054,5
12413612,4
12411581,7.36
12412985,1.45
12412312,4.55
12405404,5.64
12401130,6.86
12403955,4.91
12408504,7.5
12406680,3.64
12411317,8
12414807,6.59
12406543,6.82
12407636,7.18
12404540,7.27
12414162,5.27
12407093,0.55
12415196,5.95
12408570,4.91
12409702,2.36
12409979,6.86
12406955,7.27
12412572,2.32
12409630,6.91
12410534,8
12404988,4.73
12404432,7.5
12412171,2.18
12404430,7.86
12414075,8.14
12407215,5.64
12408343,6.82
12416828,6.59
12404728,7.95
12415314,4
12401094,6.36
12406548,7.95
12415741,4.36
12407761,2.5
12408973,2.68
12413599,7.82
12410570,8.64
12401323,7.45
12412922,7.14
12410338,7.18
12409024,6.27
12417727,6.55
12410116,7.59
12411766,7.14
12404724,4.55
12407391,5.45
12417373,5.86
12412097,3.91
12413104,5.41
12408575,7.36
12408582,6.45
12409760,7.18
12405267,3.95
12406382,7.86
12402123,4.95
12402118,5.27
12419018,5.36
12409293,5.55
12407900,3.41
12407890,5.23
12407095,8.05
12418772,7.86
12412816,6.05
12404843,6.95
12401509,4.18
12408935,4.41
12408788,8.73
12408961,7.77
12402289,6.95
12412167,7.45
12408984,8.27
12409023,3.5
12419820,6.41
12406798,4.95
12413137,8.68
12401067,6.59
12405873,6.73
12410948,4.68
12408966,6.23
12401093,5.82
12416213,6.14
12414752,3.27
12408663,5.55
12417852,7.05
12419611,7.59
12416251,6.23
12407308,7.77
12414363,5.82
12408291,5.59
12404716,3.91
12402575,7.55
12408733,5.95
12415904,3.82
12412941,5.05
12408742,4.95
12408014,5.95
12406793,7.41
12411316,7.14
12408123,6.41
12409570,3.73
12410147,7.27
12417018,7.05
12406063,7.05
12407891,6.73
12404091,4.86
12416221,5.68
12406451,8.05
12416707,3.86
12412596,7.23
12401259,3.18
12408119,7.27
12413401,6.95
12406378,5.41
12416071,8.05
12404518,4
12416164,3.41
12406758,7.32
12404118,4.32
12413935,5
12410817,5.23
12405824,7.41
12408072,7.86
12405945,4.41
12414388,8.09
12409342,5.05
12411128,7.23
12409872,7.5
12405841,8.68
12409058,3.18
12418426,5.95
12404933,6.86
12409807,3.95
12408749,7.55
12406143,6.73
12408162,6.41
12414233,2.09
12404314,0
12410776,6.41
12417616,8.05
12406823,4.14
12406241,4.77
12405936,5.32
12413148,6.55
12412286,8.09
12413760,3.45
12402659,8.32
12416152,5.86
12410262,7.18
12410704,6.82
12408889,5.91
12413481,2.09
12409037,8.68
12409711,3.91
12400422,4.77
12417954,8.64
12406035,8.55
12411307,7.23
12409036,7.23
12405215,5.14
12408623,3.05
12410019,6.55
12408925,7.86
12419100,6.23
12408328,3.32
12406737,7.59
12418907,2.36
12402060,8.05
12414104,5.5
12416347,4.64
12401449,5.41
12408344,7.82
12414361,6.73
12402297,7.32
12326955,0.79
12402953,7.55
12416492,3.73
12408422,6.36
12410032,2.32
12406349,5.68
12401872,5.18
12403853,7.27
12412981,7.14
12409572,6.68
12409754,7.09
12415072,6.77
12415202,4.32
12405808,5.32
12408141,6.36
12408732,1.32
12409672,5.27
12401888,7
12401539,5.95
12400560,6.14
12402543,4.09
12403443,6.82
12415155,4.32
12416350,6.77
12411482,6.68
12401632,6.82
12409246,3.91
12412948,5.09
12401481,5.45
12408135,3.82
12402456,7.14
12416411,4.5
12415797,5.77
12417898,3.14
12400881,6.64
12414560,7.5
12416933,6.68
12419115,6.5
12404101,7
12410709,9.05
12412077,8.55
12403330,5.41
12403910,3.45
12418863,3
12411093,6.95
12410362,3.36
12406755,6.5
12415000,6.68
12417893,6.91
12410759,2.68
12407363,5.23
12415623,1.82
12410749,7.27
12412116,7.27
12410155,4.09
12406860,6.95
12402858,6.45
12400617,4.95
12417447,4.14
12402791,5.95
12405750,8.14
12400774,7.95
12418310,6.41
12406550,3.18
12416091,3.32
12412256,6.23
12414110,8
12406144,6.77
12407899,5
12409999,3.27
12408438,7.73
12410607,3.95
12414260,2.32
12416912,7.55
12406728,2.5
12411080,5.5
12413237,6.95
12402207,7.23
12402907,7.86
12402089,6.32
12413536,5.36
12413232,7.05
12415130,7.86
12409311,7.91
12410329,7.68
12409334,7.09
12406802,5.23
12405788,6.95
12402611,5.55
12412205,4.55
12411006,8.5
12406171,6.23
12406306,5.27
12414391,3.32
12408877,6.18
12416375,2.23
12406170,6.82
12403804,4.05
12410600,4.91
12400712,7
12413641,5.41
12408755,5.64
12410810,7.32
12411311,6.82
12406756,6.55
12408382,5.82
12413977,9.09
12407429,6.41
12404973,6.41
12404481,2.32
12402556,6.68
12405906,2.95
12400378,7.91
12410734,3.14
12400161,5.77
12417337,6.91
12403693,8.27
12407044,2.55
12408954,7.09
12407732,6.36
12412745,2.68
12406204,4.59
12418504,8.23
12410198,7.05
12408795,6.5
12418164,7.23
12413915,7.05
12406844,2.36
12403782,8.32
12414285,8.64
12409409,7.5
12405682,8.45
12402919,6.86
12405732,8.27
12418240,2.41
12409364,1.77
12417451,5.64
12417283,7.18
12403941,2.73
12411663,5.09
12409408,2.77
12405785,8.14
12417096,6.77
12404759,5.27
12408145,9.32
12415970,9.09
12405956,7.82
12404524,4.73
12402641,3.23
12404241,6.05
12410206,4.36
12406803,4.64
12405703,6.91
12406757,8.23
12406034,6.59
12411104,6.45
12409353,6.86
12419023,2.77
12418009,3.68
12409528,3.68
12411786,7.86
12406642,7.77
12413249,8.5
12406305,6.27
12415470,6.95
12414955,5.55
12401897,5.41
12413231,2.77
12414055,7.18
12408747,4.95
12411073,6.14
12400565,3.59
12409008,4.45
12402759,5.27
12411780,5.32
12407778,6.18
12407730,4.59
12413062,1.27
12413377,2.23
12419755,7.14
12413315,6.41
12418041,2.09
12406913,7.27
12410691,4.77
12407359,5.23
12413791,7.95
12403995,8.09
12411225,7
12412316,7.68
12413918,7.32
12415009,4.68
12404131,4.41
12410908,4.05
12409465,5.59
12415269,8.77
12410302,5.77
12414381,6.77
12403778,7.82
12412782,6.82
12410571,4.18
12407055,7.14
12407667,6.45
12417244,7.64
12418708,6.18
12418525,6.73
12417748,8.05
12407090,4.23
12402631,3.27
12404422,5.91
12408895,7.41
12403974,4.91
12411152,3.68
12412890,4.32
12414234,7.32
12411313,4.73
12410358,4.09
12409893,6.14
12414409,4.68
12410350,3.86
12415466,7.59
12409696,3.73
12401518,5.64
12409225,6.09
12416962,7.36
12412910,4.59
12404664,1.91
12404780,8.09
12401459,5.32
12409668,4.68
12406436,7.55
12408811,1.86
12410546,5.64
12416711,7.09
12400848,6.32
12403906,3.36
12411694,5.91
12406262,7.5
12416467,7.36
12411371,6.5
12405733,6.68
12408149,4.86
12414010,1.5
12409351,4.09
12411949,4.09
12409657,6.95
12404097,2.36
12416598,6
12416520,7.55
12404389,4.14
12415372,5.77
12405516,3.55
12409379,6.32
12404784,2.59
12402994,5.68
12401103,7.59
12414106,3.73
12404124,7.14
12413078,8.09
12411025,3
12403916,3.86
12415465,8
12405288,8.64
12406219,4.73
12407133,2.45
12414971,8.36
12406760,7.95
12408366,6.05
12416020,7.05
12409205,6.32
12402579,3.68
12402983,4.36
12417932,7.73
12401943,6.68
12411513,5.14
12410535,4.36
12407498,2.55
12404484,5.41
12406682,5.05
12402256,5.73
12406441,3.68
12404771,6.86
12408855,6.82
12415319,5.09
12409538,3.82
12406066,7.59
12408095,2.91
12403947,6.32
12409262,6.77
12410960,4.36
12404997,4.18
12406972,8.5
12414240,4.64
12411203,7.45
12417353,8.27
12402245,0.91
12405730,6.41
12416588,5.23
12412916,6.82
12408105,5.5
12413405,6.86
12408157,6.14
12401941,7.09
12412869,2.73
12413965,3.95
12407752,7.77
12413924,5.45
12412863,6.45
12401426,4.23
12405008,5.14
12417138,6.59
12406606,3.14
12406778,4.05
12402616,4.41
12406624,2.36
12413617,1.5
12409725,4.27
12400853,4.82
12409839,6.59
12409332,3.77
12415958,2.5
12411251,7.27
12401928,4.64
12414757,4.86
12409396,2.86
12416972,3.95
12406278,7.09
12409629,6.14
12409497,7.14
12408210,5.86
12408867,5.82
12417618,2.5
12407261,6.73
12406458,5.64
12411400,6.18
12411633,3.64
12416461,3.82
12406641,5.5
12414773,6.55
12409795,4.82
12415422,6.05
12416042,4.82
12405761,7.59
12414348,7.91
12417818,2.59
12414547,4.77
12415642,4.05
12410682,7.27
12411696,3.27
12414159,3.59
12412577,2.86
12417637,3.41
12414995,1.82
12415657,3.55
12406079,6.05
12413707,6.59
12410395,7.73
12418012,6.95
12405848,4.64
12409994,0
12404746,3.09
12413449,3.23
12415405,8.32
12409674,1.91
12406027,4.14
12416618,5.23
12403864,4.14
12406934,7.32
12414270,4.91
12404607,4.95
12404768,5.5
12405713,8.59
12404003,3.91
12403378,6.45
12409039,5.86
12407365,5.14
12400468,5.32
12417214,6.41
12401654,2.5
12418870,4.18
12409475,6.45
12402573,5.23
12411136,2.82
12407739,2.55
12410987,2.5
12404116,3.14
12407180,5.09
12403644,4
12405891,5.32
12408455,6.09
12404573,4.86
12417605,8.41
12414538,6.73
12404841,4
12404541,4.45
12408113,6.64
12418814,2.41
12414324,7.32
12410686,7.05
12416147,7.91
12415554,5.23
12409932,1.82
12407151,9.59
12400077,4.36
12408680,5.37
12405616,3.18
12417357,4.64
12405933,6
12416592,6.68
12408430,6.36
12409399,3.77
12411999,7.18
12412215,3.77
12406004,7.86
12416373,4.36
12402058,6.36
12412940,7
12415109,4.41
12407010,6.45
12412173,5.64
12402281,3.09
12400345,3.82
12406903,4.68
12409423,4.77
12406409,7.14
12409712,3.41
12412683,7.73
12412493,4.86
12403195,4.18
12412575,6.55
12406785,1.95
12415473,7.73
12412454,4.09
12409121,3.45
12406834,5.45
12417074,5.77
12407695,0.55
12408042,8.18
12408224,5.95
12414141,6.32
12419716,7.18
12410979,4.27
12415325,3.09
12408678,3.55
12415223,5.64
12410608,4.68
12407709,2.95
12408637,5.18
12400788,5.36
12406592,2.27
12412926,7.95
12409935,4.82
12418811,3.27
12403695,5.45
12409177,3.91
12405744,4.95
12408724,1.91
12405036,5.45
12404467,4.95
12403930,5.45
12401357,7.95
12409164,0.45
12415579,2.55
12417390,8.59
12404530,3.32
12411816,4.05
12409644,6.68
12406081,6.23
12406610,4.86
12401144,6.5
12419085,6.82
12412548,2.36
12414060,3.82
12409726,3.14
12406341,6.91
12402067,2.32
12417819,5.23
12400843,4.77
12415012,8.45
12415990,8.09
12406400,6.23
12410800,2.14
12409814,5.73
12419214,4.68
12408687,4.27
12418926,4.14
12402989,3.5
12400355,4.32
12416919,9
12408578,8.09
12404490,5.5
12413126,8.32
12418945,6.23
12417112,4.82
12412226,7.09
12403712,7.05
12411716,6.05
12418353,5.5
12410501,8.59
12407972,8.73
12417314,2.18
12405177,2.45
12404394,7.14
12417251,3.68
12407983,2.23
12409210,3.36
12406482,6.36
12402485,5.41
12410654,1.91
12408708,7.82
12404096,6.59
12414121,6.5
12416974,6.77
12411394,6.23
12402490,4.23
12409090,3.95
12414505,3.55
12410861,3.09
12403096,7.73
12409617,5.23
12408450,5.45
12408200,4.32
12404463,4.86
12402857,3.64
12409840,7.32
12406192,4.41
12408066,2.94
12410251,6.95
12403830,4.68
12417676,4.82
12403772,7.73
12407135,4.18
12402551,6.73
12417411,5.59
12410951,3.32
12412484,5.77
12414712,5.41
12408055,3.64
12403722,4.18
12405876,7.36
12413278,2.95
12406848,4.14
12406179,3.05
12404180,7
12414080,7
12402287,8.59
12401467,6.05
12403364,6.55
12408957,7.73
12408918,5.41
12405774,8.95
12405766,7.32
12407492,7.55
12411735,2.45
12407833,4.36
12416278,5.09
12404631,7.27
12419046,5.95
12411967,7.18
12405845,7.32
12416370,6.36
12413651,5.27
12407750,5.86
12412849,7
12414521,7.27
12404244,5.05
12416273,3.05
12411559,8.5
12405804,7.32
12408739,3.41
12413460,7.32
12405907,8.77
12413008,7.64
12416336,4.55
12404493,7.32
12410515,5.32
12419326,4.09
12417878,4.68
12412485,7.59
12410854,3.5
12400505,0.68
12412475,3.82
12410619,2.73
12406324,4.18
12406281,3.32
12408741,3.82
12410848,6.68
12417095,6.55
12414605,8.36
12413417,3.77
12413531,2.27
12410820,2.55
12411425,8.45
12411194,5.59
12409729,5.55
12412076,1.91
12407905,8.14
12417684,2.45
12410595,4.77
12407738,5.32
12404805,3.55
12407953,7
12404294,3.45
12409812,3.5
12410108,5.55
12418928,6.27
12407164,3.09
12408260,4.27
12408477,7.73
12325201,4.27
12409913,7.77
12407936,4.32
12418973,2.68
12417908,6.27
12409213,3.59
12401019,4.45
12417106,2.05
12401743,8.14
12414959,6.27
12405992,4.23
12417497,7.59
12419137,6.09
12413025,2.41
12409290,3.45
12417186,6.45
12403747,6.18
12409033,8.36
12414120,6.82
12407073,5.32
12405838,4.55
12413433,6.68
12411319,2.32
12400851,6.86
12415661,4.91
12406177,4.59
12405823,5.59
12410370,6.55
12400978,7.41
12412637,5.18
12410755,6.55
12417714,0.82
12411759,4.91
12400392,5.91
12413643,5.27
12405148,5.59
12416172,4.5
12409798,6.14
12405151,3.18
12418510,5.45
12400807,5.45
12409879,5.95
12406705,8.27
12416133,5.32
12409460,4.09
12412072,8.32
12412232,6.68
12404611,3.32
12416762,6.27
12410961,3.77
12406478,5.23
12418597,5.82
12404087,4.59
12407843,5.68
12409660,3.91
12410778,5.77
12404552,5.59
12400436,6.59
12401290,2.86
12400870,8.55
12414224,5.18
12411576,6.73
12405723,7.68
12410507,5.18
12418882,5.14
12406098,3.55
12407886,4
12416533,3.36
12417010,2.55
12407112,7.73
12401445,6.64
12410504,5.59
12407022,5.45
12409189,7.36
12407622,4
12409675,3.77
12400424,4.23
12407802,3.32
12410270,4.36
12408757,4.5
12417738,6.77
12417333,6.68
12412524,5.27
12403756,6.41
12411537,3.91
12417508,7.5
12415626,2.55
12408631,4.55
12415055,6.91
12406176,6.5
12414330,2.86
12418864,5.82
12415025,6.36
12412323,8.32
12408295,4.32
12403950,5.5
12410376,4.95
12404640,8.95
12407460,5.86
12409092,5.82
12400334,4.05
12413056,4.59
12402094,3.86
12401798,4
12401432,6.32
12415397,4.41
12403956,4.23
12412711,2.91
12412522,6.41
12418848,2.55
12417350,7.05
12409073,4.27
12405374,3.5
12406243,8.36
12414737,7
12407006,4.82
12402894,7
12414646,4.59
12419064,5.45
12402189,5.36
12411531,2.68
12417740,4.18
12406359,6.18
12417485,4.77
12417336,5.41
12417625,8.32
12409835,1.82
12405946,6.82
12408032,3.23
12415769,4.82
12410367,6.32
12410705,2.05
12417796,6.18
12417475,3.18
12412261,3.5
12405711,6.55
12400242,3.82
12415852,5.55
12405375,7.05
12410901,8.86
12407767,5.45
12402388,4.05
12406832,4.73
12408322,2.45
12412859,7
12408831,8.09
12410658,4.32
12326868,2.6
12403737,6.55
12403793,5.82
12412581,6
12419027,7.73
12408361,3.23
12414111,6.68
12404953,4.82
12417574,7.09
12405453,5.23
12411973,7.18
12417166,2.09
12411277,1.73
12411193,5.59
12404562,8.32
12401079,3.14
12413571,3.95
12410712,6.09
12416108,3.95
12407564,2.95
12415857,8.64
12408122,2.59
12404558,3.73
12404117,6.36
12413027,7.36
12417105,4.95
12417879,4.68
12412604,4.18
12402932,3.27
12414268,5
12414327,4.95
12406232,4.23
12403907,5.68
12405696,3.86
12408068,1.09
12404645,8.05
12409706,7.91
12408759,2.77
12403792,6.64
12412487,2.23
12411443,3.64
12413304,7
12414429,6.23
12415770,5.73
12417122,3.86
12400683,6.36
12408735,1.73
12409171,5.41
12408276,6.36
12411129,6.18
12404238,7.18
12402227,6.39
12415081,7.41
12401559,3.14
12415063,3.18
12417064,7.41
12410271,4.32
12417062,6.73
12418332,4.14
12400364,3.09
12419058,3.32
12410177,6.36
12405571,4.45
12412807,1.09
12406511,6.91
12411298,6.5
12405773,7.91
12412234,1.77
12411526,3.5
12417646,6.27
12416383,6.73
12406015,3.86
12400727,7.23
12404960,8.23
12403507,7.36
12414715,3.18
12408437,4.82
12412194,3.95
12406570,5.18
12415954,5.41
12413966,6.32
12419254,6.82
12407011,4.27
12408711,6.32
12408314,6.18
12408784,3.91
12413275,2.91
12419220,4.32
12412367,4.05
12401030,2.86
12405513,4.36
12404869,5.64
12417694,1.36
12416218,4.59
12405690,6.73
12406518,4.32
12414265,2.73
12412328,3.68
12411966,7.86
12411556,2.86
12405479,2.77
12409756,5.73
12410779,6.5
12418838,3.86
12408473,5
12408682,7.86
12410443,8.09
12403531,3.18
12405932,5.32
12412549,3.91
12407819,3.09
12405961,4.82
12401021,2.86
12405139,5.09
12418524,5.95
12412586,5.09
12404439,5.86
12405738,7.05
12408923,4.05
12408893,5.23
12403678,7
12407775,4.27
12416780,5.73
12409619,5.09
12409643,3.64
12408213,1.5
12412508,2.23
12408714,5.5
12401340,3.45
12412647,6.18
12408544,6.36
12402785,2.05
12403849,5.91
12415378,6.64
12417351,2.68
12409113,7.45
12402545,7.32
12401311,5
12407804,5.18
12407156,7.59
12406671,1.82
12413381,3.14
12402296,3.14
12412339,1.5
12411342,7.45
12410390,1.41
12408997,3.27
12403079,7.32
12419691,5.36
12416024,1.41
12402466,3.95
12410928,1.5
12407616,3.73
12401988,3.86
12405514,0.82
12403735,4.86
12414013,5.36
12408522,4.32
12408689,7
12406701,3.59
12413634,1.09
12408265,7.59
12412606,5.64
12408134,7.18
12407361,4.59
12407661,7.36
12405272,4.64
12407046,7.36
12404911,6.73
12406280,8.18
12406545,6.18
12405136,3.95
12403803,5.55
12400835,3.45
12406253,4.77
12400996,5.73
12413310,2.09
12408027,4.14
12404507,2.77
12412267,5.05
12409063,3.36
12400522,2.64
12418920,5.36
12406460,7.73
12414713,4.68
12407542,6.95
12417480,1.59
12403475,5.45
12405965,6.86
12416737,4.82
12410557,3
12408419,5.32
12407405,3.32
12403629,3
12404431,0.68
12408812,2.05
12412818,6.59
12410509,2.14
12404563,7.14
12408098,4.68
12409248,3.68
12404088,2
12417379,6.32
12416149,4.18
12419069,2.14
12415830,3.45
12409169,4.95
12404779,6.64
12419303,3.82
12405747,2.86
12411095,0
12407344,5.18
12406361,4.82
12411882,6.5
12407269,2.55
12412221,6.82
12419025,4.68
12406526,3.59
12405894,5.45
12406202,6.05
12417120,3.77
12416924,5.55
12408341,3.59
12404949,4.09
12413483,7.09
12416756,1.59
12409468,1.18
12410472,4.09
12403959,3.55
12404358,6.23
12407522,5.82
12406028,6.27
12411625,5.91
12413337,4.05
12400872,3.73
12405787,6.23
12404025,2.59
12400379,2.73
12408815,2.18
12407286,6.77
12403994,5.09
12407710,6.09
12414961,3.09
12402194,3.41
12410517,6.91
12412386,1.14
12407377,6.77
12417326,7.95
12407671,6.41
12406893,4.09
12416226,4.91
12412743,2.77
12414238,4.5
12413368,8.73
12407281,6.64
12410366,6.41
12403753,3
12405548,8.32
12417316,3.91
12407077,3.27
12410563,6.64
12403966,3.41
12419158,3.41
12406076,2.59
12419370,1.55
12408479,5.05
12401913,5.64
12405883,5.68
12408048,3.77
12410126,4.41
12406393,5
12412603,3.95
12409400,5
12409135,5.14
12413013,8.64
12409533,2.86
12400705,6
12404915,3.91
12418197,5.55
12405783,1.91
12400346,5.14
12419695,7.05
12416620,7.27
12406822,5.68
12417124,3.77
12409526,8
12412149,4.95
12406335,3.5
12415600,7.64
12407792,2.32
12406019,6.55
12401119,2.32
12406815,4.45
12403946,5.95
12407826,1.73
12406505,3.55
12415840,4.86
12415256,6.27
12409584,5.64
12406437,8.73
12408493,3.55
12408824,2.73
12409054,6.86
12416553,6.77
12408397,2.77
12406978,2.77
12407484,2.91
12414278,8.18
12415191,2.23
12416153,7.36
12409799,3.05
12411948,3.77
12401405,2.32
12416778,2.36
12400951,2.95
12405976,4.91
12408744,3.82
12402847,3.82
12417388,8.14
12406837,6.64
12419111,7.91
12418397,3.09
12409337,6.86
12412435,7.41
12415576,5.09
12400221,1.64
12404940,3.73
12401938,6.09
12404465,3.68
12411765,6.09
12416015,4.91
12404292,7.86
12408067,5.5
12403083,3.77
12409850,6.18
12418796,5.36
12404336,9.27
12409386,6.91
12412120,6.14
12415421,3.64
12407551,2.82
12409478,3.64
12406951,4.27
12416150,7.32
12417053,6.73
12406878,5.77
12407851,4.41
12403760,3.23
12400711,6.55
12400627,8.05
12403736,2.5
12410307,4.27
12402776,8.14
12404921,1.82
12416856,6.82
12401015,2.45
12412925,2.23
12411245,6.14
12416724,7.5
12400802,6.14
12406744,6.86
12403314,8.23
12408996,3.23
12415919,3.23
12403253,3.27
12414070,8.23
12415283,4.05
12403686,1.86
12416325,8.59
12412897,3.5
12401335,2.95
12409489,5.14
12410938,4.82
12414919,4.95
12406918,7.27
12413114,7.23
12408250,3.68
12404337,0.95
12415513,6.23
12411355,4.45
12411072,2.32
12418312,3.27
12410618,8.23
12413473,4.41
12406402,0.45
12416493,3.27
12417952,2.73
12410265,3.95
12409186,5.73
12404420,3
12419187,6.64
12415809,6.86
12415001,6
12407333,7.41
12410572,4.95
12406312,2.45
12409742,6.18
12400501,6.77
12410493,5.5
12409819,3.5
12407923,5.41
12403688,3
12417663,6.14
12413100,3.91
12407294,5.64
12405755,7.23
12400338,6.91
12404795,3.41
12402838,5.23
12405920,4.77
12417225,5.45
12412172,3.86
12407996,3.68
12405685,4.64
12417335,1.68
12409442,1.59
12416262,3.18
12406634,4.09
12412755,3.23
12410863,5.27
12406006,5.95
12418624,3.09
12416865,5.95
12412298,3.55
12408536,4.14
12408179,3.5
12411058,1.95
12409052,6.64
12408270,6.41
12415291,5.18
12416369,4.73
12413715,8.45
12410279,3.09
12402190,2
12413132,4.05
12400863,6.36
12401316,2.14
12417655,6.73
12414531,1.91
12405720,4.64
12408662,2.95
12405068,6.86
12411403,6.45
12416290,6.73
12414246,4.14
12409761,2.91
12409261,7.23
12402216,0.64
12414098,5.09
12416611,1.68
12404382,5.95
12413750,6.77
12408142,2.73
12415611,6.41
12418381,3.55
12415865,4.95
12417172,3.14
12401838,5.91
12406389,3.5
12416690,5.82
12412462,7
12413086,7.59
12410628,3.45
12401532,2.82
12409511,2.23
12412939,3.86
12413064,8.91
12416103,4.68
12405905,3.91
12408199,5.32
12410635,6.36
12408563,7.32
12410364,3.05
12414543,2.18
12405851,4.68
12410439,3.36
12413552,2.86
12409397,5.64
12413190,4.41
12403057,2.55
12418139,3.14
12409803,7.23
12407031,3.82
12405176,2.45
12408624,0.55
12400869,6
12407267,4.73
12406600,1.45
12418714,2.73
12415977,3.59
12407758,2.41
12417322,6.95
12409713,0.95
12417531,2.41
12404139,2.05
12401980,7.36
12406447,6.86
12412455,2.14
12404132,5.05
12410331,1.86
12402259,4
12418750,4.41
12409009,6.23
12414157,1.14
12407824,4
12408503,2.91
12407943,1.45
12419352,0
12408730,6.82
12418925,4.14
12413020,3.5
12407442,2.77
12412142,2.95
12415415,7
12408114,3.68
12411287,7.77
12416663,7
12408941,3.41
12402195,4.77
12404433,4.09
12409871,3.64
12411252,2.36
12411210,4.14
12408359,5.64
12401339,4.82
12403987,4
12414986,4.36
12413807,7.09
12400067,1.5
12408674,2.77
12417224,4.73
12404571,4.73
12410916,1.91
12406847,5.64
12406106,4.41
12400454,1.73
12401140,3.82
12407163,4.09
12412872,2.32
12403879,7.64
12419382,3
12404559,7
12405925,6.36
12412570,6.91
12417264,6.73
12414143,5.82
12411375,6.41
12410359,3.77
12419395,3.14
12407122,3.55
12407187,4.77
12409916,6.82
12402792,2.64
12409411,8.18
12405472,4
12408986,4.77
12403775,6.95
12411972,3.09
12407242,4.36
12407941,2.32
12407177,4.55
12409422,5.59
12407910,0.36
12408104,3.41
12406071,7.73
12410721,3.73
12400360,0
12403776,6.82
12415349,2.77
12412958,2.23
12401153,2.27
12405926,2.59
12413452,4.86
12411861,2
12403697,5.41
12413119,4.32
12406653,4.82
12413645,2.86
12405348,2.68
12405916,6.14
12401876,6.68
12416890,5.36
12418144,3.55
12409418,3.77
12408003,1.32
12405212,9.23
12404790,6.55
12404505,6.77
12414874,3.27
12415901,5
12406498,4.41
12407830,2.23
12412309,3.05
12413725,4.32
12412448,1.55
12408699,4.45
12401070,1.68
12416748,4.32
12408268,4.73
12414896,5.95
12410824,2.73
12410159,5.5
12415266,3.41
12408601,2.68
12413554,2.68
12403881,2.27
12412037,3.18
12406140,4.23
12405560,3.05
12408442,5.18
12411023,1.14
12402715,6.14
12408520,6.41
12412626,2.77
12400440,6.05
12419399,5.86
12418930,5.41
12408720,2.86
12410907,8.09
12406647,3.68
12404417,5.91
12412793,5.05
12400637,3.09
12407024,3.09
12408283,7.27
12404047,4.32
12415404,3.73
12414323,7.32
12417996,3.09
12410028,5.59
12414843,8.64
12404765,0.68
12411397,2.86
12402151,1.27
12401889,0
12412363,1.36
12404655,0
12401886,2.73
12406534,2.55
12409759,6.05
12406533,7.09
12413334,5.5
12407685,1.59
12411456,3.59
12420078,0.64
12410880,1.95
12414145,5.05
12407494,3.64
12414453,7.77
12408595,2.73
12416155,4.14
12416118,1.32
12414458,3.82
12413031,2.05
12407678,8.64
12410051,5.95
12412182,5.27
12413543,5.36
12405861,3.95
12419102,6.77
12406103,4.59
12408944,4.77
12409635,6.23
12402696,5.18
12416332,6.73
12415641,4.09
12411683,6
12406957,6.09
12413650,5.55
12404364,3.18
12410668,6.91
12402103,2.23
12400934,5
12411453,6.18
12409857,4.09
12413282,7.64
12410743,2.41
12406659,5.14
12326795,2.2
12411188,5.27
12409157,4.64
12412471,6.09
12407807,4.86
12410290,1.14
12405683,7.27
12405888,4.68
12406905,2.36
12406167,7.64
12409888,6.09
12407243,4.77
12410341,5.32
12408832,4.55
12405748,3.55
12400676,1.82
12402335,2.05
12416734,5.5
12418054,2.14
12409788,6.55
12404441,2.73
12411495,4.09
12414083,4.32
12418506,4.68
12401174,2.73
12404575,5.32
12413087,7
12406619,7.36
12408456,8.18
12404279,5.32
12406735,5.18
12403052,3.27
12408373,3.36
12405157,5.45
12407167,7.68
12412091,5.23
12408760,3.86
12411729,6
12416613,2.55
12412702,1.68
12409289,6.5
12406809,5.18
12406195,6.23
12407127,3.77
12401997,6.91
12402484,4.23
12415679,6.77
12413461,3.86
12400414,2.73
12414459,2.5
12404170,0.68
12409904,5.36
12411083,6.18
12411338,3.77
12409283,2.36
12408108,2.32
12417406,7.3
12415094,1.45
12401759,8.27
12215011,5.89
12407737,8
12414549,2.64
12402640,3.14
12403050,6.64
12405454,6.95
12408982,6.77
12411705,7.14
12406295,1
12413320,6.91
12402136,2.64
12401376,4.59
12418757,6.5
12415054,3.95
12405853,6.55
12404141,6.32
12412967,4.91
12408669,2.86
12410511,1.73
12411290,3
12403859,7.45
12407375,5.14
12411238,5.86
12411578,6.09
12407328,6.59
12409476,6.95
12416004,2.32
12411055,6.45
12410592,4.55
12415986,3.86
12405962,4.59
12413948,6.09
12411809,7.95
12407330,5.77
12413399,5.27
12406431,5.32
12409616,7
12415075,3.91
12408482,6.45
12411680,2.27
12405968,3.41
12418556,4.09
12402657,4.59
12409721,3.32
12403873,4.41
12410669,4.5
12409550,7.5
12411312,1.64
12406853,3.09
12407481,6.77
12413443,3.14
12412479,4.45
12419001,1
12408290,3.86
12411791,6.95
12403110,1.95
12406213,1.73
12405523,3.5
12403725,4.23
12415845,1.64
12415419,5.27
12404345,2
12405731,6.18
12414437,3.27
12415455,7.05
12404201,6
12414782,6
12415730,1.05
12417726,5.68
12407491,3.64
12405371,1.18
12417749,6.32
12414091,6.14
12413635,3.77
12413537,4
12413256,2.32
12400700,4.18
12408876,5.91
12407866,2.64
12403807,6.95
12406797,4.14
12407287,7.05
12412861,3.18
12404458,6.05
12405365,1.64
12402947,1.41
12419492,3.73
12413775,3.27
12410640,2.77
12400480,3.27
12409378,7.59
12406031,1.73
12408099,1.68
12403607,4.59
12408946,4.91
12405819,6.45
12417428,6.14
12404673,3.77
12405818,1.73
12410631,6.77
12405680,6.73
12418295,3.82
12410633,4.5
12411011,6.09
12418817,1.68
12418302,1.82
12412278,6.45
12401892,1.95
12410261,4.59
12406391,5.68
12415951,4.36
12410941,2.82
12415786,5.45
12415746,2.23
12409646,6.59
12408357,2.68
12408340,2.27
12412452,7.18
12418481,2.05
12415380,4.27
12412193,4.86
12413913,3
12419966,7.18
12406763,2.95
12404772,1.86
12407831,5.23
12417745,2.15
12407863,3.5
12408309,4.05
12403787,7.91
12418196,3.23
12414606,5.09
12410299,3.27
12400068,1.5
12417418,7.27
12402899,2.36
12409877,1.86
12411740,5.91
12411802,6.09
12419099,0
12407716,2.32
12402961,1.95
12401011,5.41
12411276,1.59
12404526,3.36
12408189,1.09
12409781,3.18
12410343,2.68
12400867,3.36
12418360,8.41
12403757,2.14
12405463,5.45
12401146,1.91
12417895,3.18
12401919,3.27
12412846,4.27
12412305,7.59
12405262,3.18
12407075,0
12413920,2.45
12402339,5.11
12406497,7.32
12413299,5.59
12410115,3.45
12414417,2.23
12409430,7.91
12410724,4.41
12414811,2.05
12403964,2.68
12404621,4.18
12406320,3.36
12406181,4.82
12402938,1.82
12402981,4.64
12411151,1.86
12417037,5.41
12403069,3.45
12409467,1.95
12408512,5.55
12407852,3.05
12406766,6.18
12405995,3
12405777,6.27
12403721,3.5
12410549,4.18
12404338,7
12406174,4.77
12401463,3.55
12418270,5.23
12407869,1.23
12414205,3.09
12414036,4.14
12409118,2.73
12404626,3.45
12404833,6.41
12413071,5.82
12402306,1.91
12409006,5.59
12408810,5.14
12403890,4.32
12416138,3.82
12414767,5.68
12409690,4.5
12417929,3.5
12409762,4.91
12418209,3.68
12404556,6.86
12409413,4.05
12404514,5.86
12406631,0
12413698,3.64
12403745,5.64
12414785,7.32
12414614,1.73
12406792,3.95
12412573,1.5
12412795,3.95
12406530,7.77
12404412,3.05
12411171,4.27
12415305,6.09
12404359,3.45
12401017,5.68
12412034,7.36
12416543,0
12413896,5.27
12417234,2.77
12414576,1.17
12415329,4.64
12400858,3.64
12409410,6.41
12406777,5.36
12402196,3.05
12407541,2.45
12407984,6.95
12412317,1.45
12409258,4.18
12413763,3.27
12405492,4.09
12403854,7
12408286,5.32
12413797,8
12412781,4.64
12414398,1.95
12409106,2.45
12405106,5.77
12411974,1.23
12405930,1.23
12408787,6.45
12414705,0.45
12412130,5.59
12413432,4.27
12412353,3.18
12416079,4.14
12410934,3.68
12407873,6.91
12412990,7.59
12411286,6.05
12414336,1.36
12407906,3.5
12412010,7.45
12402429,1.59
12406650,7.41
12407909,4.14
12410826,8.36
12417417,5.64
12416601,8
12412219,5.18
12410411,3.18
12408718,2.41
12402563,2.36
12409689,5.95
12408664,6.86
12411271,2.91
12411060,6.59
12405540,6.23
12407781,1.55
12408697,4.45
12417341,0
12412764,3.09
12405409,2.27
12407514,4.09
12408506,3.68
12415487,1.55
12403810,4.14
12403528,3.95
12404829,0.95
12407023,5.14
12412659,4
12410666,3.05
12406180,4.09
12404163,2.18
12409791,5.91
12402340,5
12410624,6
12411761,5.86
12400526,6.59
12418388,6.09
12416126,4.64
12410732,4.18
12401939,4.45
12410158,3.27
12413916,5.36
12402876,5.64
12405316,3.09
12405716,0.82
12407962,6.45
12407715,3.45
12416329,1.27
12410763,4
12411078,4
12413731,4.32
12404306,4.5
12400922,4
12407160,2.41
12412684,4.32
12412592,3.68
12404532,3.64
12414554,1.18
12406426,4.14
12408360,6.41
12404897,1.68
12406188,6.32
12407988,5.68
12414258,5.82
12402739,3.23
12413179,5.09
12409031,5.23
12417943,2.45
12401027,3.18
12400911,4.68
12410871,2.64
12404697,4.59
12408703,3.23
12407316,5.32
12411308,1.41
12408211,5.05
12417683,0.82
12410333,4.95
12405900,2.95
12413553,3.05
12405866,1.95
12409923,6.86
12407170,6.86
12419379,4.09
12408827,4.36
12405940,3.91
12406762,7.45
12418725,6.09
12404710,4.09
12415976,3.77
12405678,4.59
12418237,3.05
12403752,6.05
12411461,5.09
12410963,7.36
12411518,3.82
12417374,2.55
12411330,3.5
12405847,8.68
12406632,8.27
12401804,2.5
12407015,4.14
12404460,5.59
12403120,2.64
12409474,5.36
12410361,3.95
12408383,7.32
12406721,6
12418367,2.59
12412571,2.68
12408559,1.36
12409651,5.36
12418468,4.18
12415587,2.91
12414748,5.36
12411568,3.05
12412678,4.86
12404258,3.73
12402231,3.23
12404348,3.73
12410918,4.55
12310256,4.99
12400450,2.77
12412506,3.77
12401404,1.59
12411522,5.36
12402417,3.5
12406547,5.86
12413034,2.14
12402305,7.45
12408128,4
12415300,0.95
12412266,3.55
12404208,3.55
12412636,3.45
12402873,2.27
12407911,3.5
12410240,4.18
12405364,1.14
12411230,4
12411451,6.55
12408319,6.14
12408919,7.27
12409310,4.82
12400341,7
12407113,3.09
12402662,3.95
12411009,4.91
12416723,6.64
12411186,2.45
12414223,2.36
12405155,4.55
12408188,6.91
12406881,7.41
12413941,1.09
12409520,1.09
12401110,7.27
12418014,3.86
12411436,8.73
12419036,5.23
12412229,4.73
12409233,3.41
12417204,3.14
12406609,6.82
12402081,3.14
12410750,6.59
12416684,0
12412951,2.23
12411916,6.27
12410064,2.05
12418042,6.77
12415783,2.45
12417163,4.23
12413259,5.73